{"cameraMode":{"drawMode":0,"name":"Shaded","section":"Shading Mode"},"sceneLighting":true,"audioPlay":false,"sceneViewState":{"m_AlwaysRefresh":false,"showFog":true,"showSkybox":true,"showFlares":true,"showImageEffects":true,"showParticleSystems":true,"showVisualEffectGraphs":true,"m_FxEnabled":true},"in2DMode":false,"pivot":{"x":253.04336547851563,"y":1.2899999618530274,"z":429.239990234375},"rotation":{"x":0.033548977226018909,"y":-0.05154801160097122,"z":0.001732665696181357,"w":0.9981057643890381},"size":11.411661148071289,"orthographic":false}